"bao nhan, nam cito"
bui thac chuyen
hoang duy
huy tran
"kay nguyen, tran buu loc"
khong ro
le thanh son
le thien vien
luk van
luu thanh luan
ly hai
"ly hai, nhat cuong"
ngo minh trong
ngo thanh van
nguyen huu hoang
nguyen phuong tuyen
nguyen quang dung
nguyen thanh nam
nhat trung
phi tien son
tien m. nguyen
tran huu tan
tran thanh
tran trong dan
truong quynh anh
victor vu
victor vu 
vinh thuyen
vo thanh hoa
vo thanh hoa 
"vo thanh hoa, huynh lap"
đinh ha uyen thu
đinh tuan vu
đo đuc thinh
"đo đuc thinh, đinh tuan vu"
