label,name
1,4 Năm 2 Chàng 1 Tình Yêu
2,21 Ngày Yêu Em
3,Ăn Tết Bên Cồn
4,Bẫy Ngọt Ngào
5,Bệnh Viện Ma
6,Bí Mật Lại Bị Mất
7,Bí Mật Trong Sương Mù
8,Bộ Tứ Oan Gia
9,Chờ Em Đến Ngày Mai
10,Chủ Tịch Giao Hàng
11,Chuyện Tết
12,Cô Ba Sài Gòn
13,"Đào, Phở và Piano"
14,Đất Rừng Phương Nam
15,Địa Đạo
16,Định Mệnh Thiên Ý
17,Em Chưa 18
18,Em Là Của Em
19,Gái Già Lắm Chiêu 3
20,Giả Nghèo Gặp Phật
21,Hẻm Cụt
22,Hoán Đổi
23,Kẻ Ẩn Danh
24,Kẻ Ăn Hồn
25,Làm Giàu Với Ma
26,Lật Mặt 1
27,Lộ Mặt
28,Ma Da
29,Mắt Biếc
30,Những Nụ Hôn Rực Rỡ
31,Ông Ngoại Tuổi 30
32,Pháp Sư Tập Sự
33,Quý Cô Thừa Kế
34,Ra Mắt Gia Tiên
35,Siêu Lừa Gặp Siêu Lầy
36,Siêu Trợ Lý
37,Taxi Em Tên Gì
38,The Call
39,Thiên Mệnh Anh Hùng
40,Tiểu Thư Và Ba Đầu Gấu
41,Trên Bàn Nhậu Dưới Bàn Mưu
42,Linh Miêu: Quỷ Nhập Tràng
43,Đôi Mắt Âm Dương
44,Nghề Siêu Dễ
45,Tấm Cám: Chuyện Chưa Kể
